CustId,Date,Q1,Q2,Q3,Q4,Q5,Q6,Q7,Q8,Q9
2277,2/17/2024,2,2,4,1,4,5,4,1,3
2278,3/13/2024,2,5,5,1,5,2,3,4,1
2279,2/14/2024,2,4,4,2,2,5,5,3,5
2280,3/4/2024,4,5,2,3,1,5,4,1,3
2281,1/4/2024,4,2,1,2,2,2,5,5,3
2282,1/5/2024,1,4,3,3,4,2,4,2,1
2283,2/3/2024,3,5,2,4,2,2,5,4,4
2284,2/3/2024,3,4,5,5,1,3,5,3,4
2285,2/15/2024,3,2,3,2,1,2,5,1,2
2286,2/14/2024,1,3,2,4,3,1,5,4,3
2287,2/4/2024,4,3,4,3,5,1,2,1,1
2288,1/4/2024,1,3,4,3,5,1,1,4,3
2289,2/5/2024,4,5,3,1,4,3,3,3,2
2290,1/3/2024,3,1,5,1,3,2,5,4,2
2291,3/5/2024,1,1,2,4,2,2,3,2,2
2292,1/15/2024,2,5,3,4,5,2,3,1,4
2293,2/27/2024,1,5,4,2,1,3,2,5,1
2294,1/11/2024,3,5,3,3,5,5,4,4,5
2295,2/14/2024,3,4,1,3,3,5,3,3,3
2296,1/20/2024,3,4,5,2,2,2,1,3,2
2297,2/11/2024,5,3,1,4,4,4,4,1,5
2298,1/30/2024,1,1,4,2,3,1,1,1,1
2299,3/9/2024,3,2,3,4,4,2,5,4,1
2300,2/20/2024,1,3,3,2,5,5,4,3,4
2301,1/12/2024,3,5,1,4,2,1,1,1,3
2302,3/9/2024,3,5,2,2,2,2,3,1,3
2303,3/9/2024,5,4,3,4,1,4,4,3,1
2304,1/11/2024,4,1,3,4,5,2,5,5,4
2305,3/15/2024,3,1,5,4,4,3,1,1,1
2306,2/12/2024,1,2,4,5,3,1,5,2,2
2307,3/4/2024,3,2,5,4,2,2,5,3,5
2308,2/10/2024,5,2,2,1,2,1,4,5,2
2309,3/7/2024,5,4,3,1,3,2,4,2,4
2310,1/19/2024,5,2,5,1,5,4,3,5,3
2311,1/27/2024,1,3,4,2,2,2,3,2,3
2312,1/3/2024,5,1,4,5,2,5,5,3,3
2313,3/14/2024,2,1,2,3,1,4,1,2,4
2314,2/6/2024,5,3,1,3,2,4,5,5,1
2315,1/1/2024,1,2,1,5,5,3,4,1,2
2316,1/26/2024,4,4,2,3,3,5,3,2,2
2317,2/17/2024,2,3,3,3,1,3,2,5,5
2318,3/14/2024,3,5,5,2,1,4,1,2,4
2319,1/4/2024,2,2,3,2,2,5,2,2,3
2320,3/7/2024,4,4,3,5,4,3,2,3,4
2321,2/26/2024,2,4,5,2,2,1,2,5,4
2322,2/17/2024,2,3,4,5,1,3,3,1,3
2323,3/8/2024,3,5,5,3,3,4,1,1,2
2324,1/5/2024,3,3,3,4,1,3,1,2,4
2325,2/17/2024,2,5,4,3,3,4,1,1,2
2326,3/16/2024,2,4,4,1,4,3,2,4,5
2327,3/11/2024,1,4,5,1,5,1,2,3,5
2328,1/2/2024,3,2,3,3,4,3,2,1,3
2329,2/22/2024,3,4,5,3,4,4,4,4,1
2330,3/2/2024,2,5,5,2,1,2,5,2,2
2331,3/11/2024,4,4,2,5,4,5,2,2,3
2332,2/6/2024,3,4,1,1,4,5,4,3,1
2333,2/28/2024,4,2,3,3,4,1,4,5,2
2334,1/14/2024,4,2,3,4,3,4,3,1,2
2335,1/31/2024,2,4,2,5,2,4,1,2,1
2336,2/13/2024,3,1,2,1,2,4,4,5,5
2337,2/17/2024,1,5,2,4,3,4,4,4,4
2338,1/18/2024,3,3,2,3,2,5,3,3,3
2339,1/12/2024,1,4,1,1,2,1,4,4,3
2340,2/10/2024,4,2,1,5,1,3,4,4,5
2341,1/15/2024,5,5,3,3,2,2,5,3,3
2342,2/3/2024,4,2,1,2,5,2,4,2,2
2343,1/7/2024,2,3,4,2,4,3,4,1,1
2344,1/8/2024,2,3,2,5,5,3,2,1,2
2345,1/20/2024,5,2,2,5,1,3,4,4,4
2346,3/2/2024,2,5,2,4,2,5,3,5,2
2347,3/15/2024,2,5,5,5,3,4,3,1,4
2348,2/24/2024,2,1,3,1,2,3,2,5,1
2349,2/18/2024,3,1,4,2,5,2,2,2,2
2350,1/19/2024,4,2,3,3,5,5,2,5,4
2351,2/18/2024,3,3,1,5,1,3,4,1,4
2352,3/13/2024,3,1,3,3,1,3,1,1,2
2353,3/10/2024,2,3,3,1,3,3,5,2,1
2354,2/10/2024,3,2,2,1,4,2,3,5,3
2355,2/11/2024,1,1,1,1,4,2,1,1,4
2356,3/9/2024,5,5,3,1,4,2,2,4,3
2357,2/6/2024,5,1,3,4,3,4,1,2,1
2358,3/15/2024,2,2,5,1,3,2,2,5,3
2359,2/4/2024,5,1,4,4,2,5,3,4,2
2360,1/19/2024,3,3,4,4,1,1,1,1,3
2361,3/4/2024,2,5,3,2,5,1,1,5,5
2362,3/16/2024,2,4,4,5,3,1,5,1,2
2363,2/11/2024,3,5,3,5,4,3,4,3,3
2364,1/2/2024,2,3,2,4,1,3,1,5,2
2365,1/25/2024,4,2,4,5,5,2,3,5,5
2366,2/25/2024,3,3,5,4,5,1,4,4,5
2367,3/13/2024,4,3,4,3,1,2,3,5,5
2368,2/28/2024,3,5,3,4,2,1,5,3,5
2369,3/13/2024,5,1,5,2,2,1,5,5,2
2370,2/10/2024,2,2,1,4,3,5,1,2,4
2371,2/9/2024,5,2,5,2,4,5,4,2,3
2372,2/17/2024,1,5,1,1,2,3,3,5,1
2373,3/4/2024,1,4,1,1,4,2,5,2,2
2374,2/18/2024,4,1,5,2,2,1,5,3,3
2375,3/5/2024,3,1,5,3,3,2,1,4,2
2376,1/11/2024,3,4,1,3,5,3,4,2,1
2377,2/15/2024,4,2,4,1,5,2,5,1,3
2378,1/24/2024,5,2,3,3,1,4,5,1,4
2379,1/30/2024,5,4,4,1,1,5,4,5,1
2380,1/9/2024,1,2,5,2,4,5,1,5,5
2381,1/4/2024,4,1,4,3,5,1,2,4,2
2382,1/3/2024,1,5,4,3,3,3,5,3,4
2383,2/11/2024,2,2,1,4,5,2,3,5,4
2384,2/24/2024,2,1,5,3,4,4,2,5,2
2385,1/7/2024,4,5,1,5,4,5,4,2,3
2386,3/3/2024,4,3,3,1,1,5,5,1,4
2387,3/2/2024,2,3,5,1,5,4,2,1,5
2388,2/19/2024,1,1,5,2,5,3,1,2,4
2389,3/5/2024,2,5,5,3,3,1,5,2,1
2390,1/19/2024,2,4,4,4,1,1,2,1,5
2391,1/21/2024,5,2,2,4,4,2,1,3,1
2392,1/27/2024,4,3,3,2,1,2,5,1,5
2393,1/23/2024,2,5,1,3,3,5,3,5,5
2394,1/19/2024,3,4,3,5,1,4,4,4,3
2395,3/14/2024,1,4,2,5,4,2,1,4,1
2396,3/5/2024,1,4,3,3,5,5,2,1,4
2397,3/6/2024,5,4,2,3,2,3,3,3,4
2398,1/9/2024,5,2,1,1,2,1,3,5,2
2399,1/21/2024,2,4,2,1,5,2,4,5,2
2400,2/13/2024,4,2,5,4,3,1,1,2,5
2401,1/11/2024,4,2,2,1,2,3,5,1,4
2402,1/20/2024,4,4,3,4,1,5,2,1,2
2403,2/5/2024,5,1,3,5,3,5,3,4,4
2404,1/6/2024,4,5,4,3,2,2,4,2,4
2405,2/6/2024,5,5,4,1,3,1,4,4,3
2406,1/17/2024,4,5,2,2,4,2,3,4,4
2407,1/22/2024,5,4,5,1,2,4,2,5,5
2408,3/15/2024,1,5,1,4,4,5,3,5,1
2409,2/11/2024,3,1,2,4,1,2,1,5,2
2410,3/16/2024,4,3,4,2,1,2,2,3,2
2411,2/13/2024,5,3,3,4,4,5,1,3,1
2412,2/5/2024,3,3,5,3,4,2,5,5,2
2413,3/9/2024,2,5,3,5,1,5,5,2,2
2414,2/20/2024,2,5,1,4,1,5,1,3,3
2415,1/4/2024,2,1,5,5,3,1,4,4,2
2416,2/5/2024,4,2,3,5,3,5,2,4,1
2417,3/12/2024,5,5,4,2,3,3,1,1,5
2418,1/28/2024,3,1,5,2,2,1,3,2,4
2419,2/27/2024,4,1,2,2,3,2,5,3,2
2420,3/12/2024,5,3,2,5,1,1,4,2,2
2421,3/4/2024,2,2,3,5,4,5,3,2,5
2422,2/10/2024,3,1,5,3,3,1,1,4,1
2423,3/16/2024,5,5,5,2,5,2,3,5,5
2424,2/12/2024,1,4,1,1,2,3,2,4,3
2425,1/7/2024,3,3,2,5,2,2,5,2,2
2426,1/21/2024,3,5,3,3,2,1,1,5,3
2427,2/10/2024,1,5,3,2,3,2,5,4,5
2428,1/4/2024,3,1,1,3,5,4,4,1,2
2429,2/28/2024,4,1,4,4,5,3,3,2,3
2430,3/15/2024,4,5,1,5,5,2,5,3,4
2431,2/11/2024,3,4,4,3,1,4,5,2,3
2432,3/9/2024,3,1,3,2,3,4,1,3,3
2433,2/8/2024,4,2,4,5,2,2,1,5,2
2434,2/8/2024,2,5,2,2,1,2,5,1,5
2435,1/7/2024,4,1,4,3,2,1,4,1,1
2436,1/6/2024,2,3,4,4,3,2,4,5,3
2437,1/25/2024,1,1,4,2,5,3,1,4,5
2438,2/5/2024,4,4,5,5,2,5,5,1,1
2439,1/8/2024,2,1,3,3,2,4,1,3,1
2440,2/17/2024,5,3,2,5,2,3,5,3,4
2441,1/8/2024,5,1,2,1,2,2,4,3,5
2442,3/11/2024,4,5,2,2,3,5,5,4,2
2443,1/16/2024,1,2,2,5,5,2,1,2,4
2444,3/11/2024,3,2,2,4,4,1,4,1,2
2445,2/9/2024,5,4,4,5,2,2,5,5,5
2446,3/12/2024,3,2,4,1,2,4,1,2,1
2447,3/8/2024,4,3,3,4,4,3,2,1,3
2448,2/11/2024,4,4,3,4,1,2,4,4,5
2449,2/2/2024,4,5,5,4,3,4,2,4,3
2450,2/11/2024,2,2,3,5,2,1,4,4,4
2451,2/2/2024,3,4,3,3,5,3,5,2,1
2452,1/23/2024,1,2,1,3,2,4,5,3,5
2453,3/9/2024,3,4,4,2,5,2,3,1,1
2454,3/8/2024,4,3,1,2,1,2,2,3,5
2455,1/22/2024,4,2,3,4,5,5,3,2,2
2456,3/14/2024,1,3,2,1,4,1,4,3,5
2457,3/11/2024,5,1,2,5,5,4,1,2,2
2458,1/4/2024,4,4,5,1,5,4,4,2,4
2459,2/2/2024,3,4,3,5,5,4,3,1,1
2460,2/16/2024,2,4,4,5,2,1,5,4,3
2461,1/9/2024,1,4,5,1,4,5,3,4,4
2462,1/5/2024,5,4,3,4,3,2,2,2,4
2463,3/10/2024,3,1,2,2,4,3,2,4,5
2464,2/22/2024,5,1,3,2,1,4,5,1,3
2465,2/15/2024,5,5,4,4,5,4,5,2,1
2466,3/1/2024,5,1,1,2,2,1,4,5,5
2467,3/11/2024,2,2,4,5,5,4,5,4,2
2468,1/23/2024,3,1,1,2,4,5,2,2,1
2469,2/14/2024,2,1,2,3,5,1,1,3,5
2470,3/14/2024,5,3,2,5,4,2,5,2,4
2471,3/11/2024,2,3,2,4,5,5,3,5,3
2472,3/16/2024,5,4,3,1,2,5,4,3,1
2473,3/1/2024,2,2,1,3,5,1,1,3,4
2474,3/9/2024,1,2,3,5,3,3,5,4,2
2475,1/14/2024,1,1,3,4,3,1,3,3,4
2476,1/25/2024,4,4,1,2,5,4,3,5,2
2477,3/16/2024,2,4,3,1,5,1,1,4,4
2478,3/9/2024,4,2,5,4,3,4,1,3,2
2479,1/9/2024,1,5,5,3,4,1,4,4,1
2480,2/1/2024,3,4,4,1,1,3,4,5,4
2481,2/7/2024,2,5,5,3,3,4,3,4,2
2482,1/14/2024,3,2,3,2,1,1,2,5,4
2483,3/11/2024,5,4,4,2,3,5,4,1,5
2484,1/25/2024,2,1,4,4,5,2,3,3,2
2485,1/24/2024,2,1,4,1,2,3,1,4,3
2486,1/11/2024,1,1,1,5,1,5,1,2,2
2487,2/19/2024,1,5,3,1,1,5,2,3,3
2488,1/25/2024,5,1,1,5,4,2,4,1,5
2489,1/3/2024,5,5,4,4,5,2,1,5,5
2490,1/23/2024,4,4,1,5,5,2,3,5,3
2491,3/4/2024,5,1,2,3,4,5,5,5,1
2492,3/11/2024,1,2,3,4,4,2,2,3,2
2493,2/19/2024,2,3,2,4,5,3,1,2,5
2494,2/10/2024,2,2,5,4,2,4,5,1,3
2495,3/2/2024,5,2,5,2,2,3,4,3,4
2496,2/22/2024,3,3,4,5,1,1,2,3,1
2497,3/2/2024,2,4,1,2,4,4,3,2,1
2498,2/25/2024,3,1,5,3,4,2,2,4,5
2499,3/13/2024,3,4,3,4,3,1,5,4,3
2500,2/25/2024,1,5,5,4,3,3,3,1,2
2501,1/24/2024,5,4,5,1,4,4,2,3,2
2502,2/28/2024,5,4,3,1,2,5,1,3,2
2503,2/17/2024,5,2,5,1,2,5,5,1,5
2504,3/10/2024,1,1,4,2,3,2,1,4,2
2505,1/25/2024,3,1,5,5,5,3,3,2,4
2506,2/17/2024,3,2,2,3,5,2,3,3,3
2507,1/13/2024,1,5,5,5,4,1,4,2,5
2508,1/22/2024,5,2,1,4,3,3,1,5,2
2509,3/15/2024,5,1,2,3,5,4,4,2,3
2510,2/13/2024,4,5,3,1,2,2,2,5,3
2511,3/3/2024,3,5,2,1,5,2,5,3,4
2512,2/22/2024,2,4,1,2,2,2,5,4,5
2513,1/7/2024,4,3,2,2,5,2,3,3,2
2514,2/28/2024,4,5,2,5,4,1,1,4,3
2515,3/1/2024,2,3,4,2,2,5,4,5,4
2516,2/2/2024,2,5,4,1,1,4,5,5,1
2517,2/7/2024,2,5,5,4,5,1,4,1,2
2518,3/5/2024,2,5,3,2,1,5,2,2,2
2519,2/15/2024,1,2,2,4,5,2,5,2,2
2520,1/26/2024,5,5,3,1,2,3,3,2,1
2521,3/7/2024,2,2,2,5,5,1,2,1,1
2522,2/11/2024,4,2,1,3,2,5,5,3,3
2523,1/2/2024,3,5,5,4,4,3,3,3,2
2524,3/11/2024,4,4,2,1,1,5,1,1,2
2525,2/17/2024,2,5,3,4,3,1,2,2,4
2526,2/24/2024,2,2,2,2,5,1,4,1,1
2527,1/19/2024,3,3,1,1,2,5,3,5,3
2528,2/3/2024,1,2,5,2,2,3,3,2,5
2529,1/29/2024,2,3,1,1,1,5,2,1,4
2530,1/19/2024,4,2,1,5,3,1,2,5,2
2531,3/12/2024,3,5,3,4,4,5,5,2,5
2532,3/12/2024,5,4,1,4,5,1,1,3,4
2533,2/4/2024,4,1,1,4,2,1,4,3,4
2534,2/24/2024,1,1,1,4,5,4,4,2,1
2535,1/26/2024,5,1,4,4,1,1,1,5,2
2536,2/4/2024,1,5,1,4,3,2,4,3,4
2537,3/7/2024,1,3,2,2,3,4,2,1,5
2538,3/10/2024,1,2,1,3,3,2,5,3,4
2539,3/11/2024,4,4,4,1,5,4,2,5,1
2540,1/15/2024,4,2,4,4,3,4,4,4,5
2541,2/20/2024,2,1,3,2,3,2,1,2,3
2542,3/14/2024,3,1,2,2,5,2,1,2,1
2543,2/25/2024,3,4,5,5,3,2,5,5,3
2544,2/4/2024,3,2,3,1,2,4,5,4,4
2545,2/26/2024,1,2,5,2,2,2,2,5,5
2546,2/23/2024,1,3,5,1,1,1,5,1,1
2547,2/10/2024,2,4,5,3,2,1,5,5,1
2548,3/9/2024,5,4,3,3,1,5,4,1,5
2549,3/9/2024,2,2,3,5,1,3,3,2,3
2550,2/19/2024,3,1,2,2,4,3,3,5,4
2551,3/1/2024,2,5,5,5,4,2,4,3,2
2552,2/15/2024,5,2,2,5,2,1,4,2,3
2553,3/10/2024,3,5,5,1,3,3,1,3,2
2554,2/26/2024,3,3,1,5,5,5,5,1,5
2555,3/13/2024,4,1,3,2,5,5,4,5,1
2556,3/8/2024,5,4,2,4,3,1,3,4,2
2557,3/9/2024,2,5,4,5,4,1,1,2,5
2558,3/16/2024,4,2,5,4,4,5,1,3,2
2559,3/12/2024,3,4,3,4,5,4,4,2,2
2560,1/13/2024,1,3,2,3,1,5,2,1,5
2561,2/1/2024,4,5,1,3,5,2,3,3,3
2562,3/16/2024,1,3,5,1,2,3,4,4,3
2563,3/12/2024,2,3,4,4,2,3,5,5,1
2564,2/11/2024,3,5,2,4,2,3,2,4,1
2565,1/31/2024,1,5,4,3,5,4,1,3,3
2566,2/24/2024,1,4,4,1,3,5,4,3,5
2567,3/1/2024,1,2,2,5,3,5,3,4,3
2568,1/5/2024,4,2,3,2,1,5,5,4,3
2569,1/28/2024,3,2,2,2,4,2,1,5,3
2570,3/6/2024,4,5,2,1,3,4,3,5,2
2571,3/6/2024,5,2,1,1,2,2,1,3,2
2572,2/6/2024,5,2,2,5,3,4,2,5,4
2573,2/21/2024,2,1,2,1,4,1,3,1,4
2574,2/2/2024,2,1,5,5,2,1,3,1,4
2575,2/5/2024,2,1,3,2,5,2,4,4,5
2576,1/24/2024,2,2,1,5,1,3,5,3,2
2577,3/6/2024,4,2,3,3,2,3,2,5,5
2578,1/24/2024,3,5,4,1,1,3,2,1,5
2579,1/26/2024,5,4,1,3,1,4,4,3,3
2580,3/7/2024,3,5,3,2,1,3,5,1,4
2581,2/3/2024,5,2,1,4,4,5,1,1,3
2582,2/23/2024,4,4,5,5,1,4,5,3,5
2583,3/15/2024,5,2,4,3,4,3,2,4,3
2584,2/14/2024,2,4,3,4,5,2,5,5,3
2585,2/17/2024,2,4,4,4,1,4,5,3,2
2586,3/3/2024,1,3,3,4,5,2,5,2,3
2587,3/10/2024,5,4,2,5,1,4,2,3,3
2588,2/11/2024,3,2,1,3,3,1,1,4,1
2589,2/1/2024,1,5,1,2,3,4,5,4,4
2590,3/2/2024,2,4,1,3,1,5,3,5,2
2591,2/9/2024,3,5,3,3,3,4,2,3,5
2592,2/7/2024,4,5,5,3,2,5,4,3,1
2593,2/9/2024,5,5,2,1,4,1,5,2,1
2594,3/16/2024,5,2,2,2,2,4,5,5,5
2595,1/31/2024,4,5,5,2,2,2,1,2,2
2596,1/30/2024,4,5,5,3,4,4,5,4,2
2597,2/23/2024,5,1,3,2,3,4,2,2,3
2598,2/7/2024,1,1,1,3,5,3,2,1,5
2599,3/16/2024,3,4,3,5,5,5,5,2,2
2600,1/7/2024,3,5,4,1,5,5,2,4,5
2601,2/6/2024,3,5,4,2,4,1,4,3,3
2602,1/24/2024,3,5,4,3,4,2,2,3,4
2603,2/23/2024,2,5,1,2,4,3,3,3,1
2604,3/16/2024,2,2,2,4,3,5,3,1,4
2605,2/14/2024,2,1,1,2,3,2,2,5,3
2606,2/12/2024,4,5,2,1,2,2,5,1,4
2607,3/11/2024,3,2,4,3,3,5,4,4,2
2608,1/7/2024,4,3,5,4,1,3,4,4,5
2609,1/16/2024,2,1,2,5,4,2,5,3,4
2610,2/20/2024,1,3,5,2,4,1,1,1,1
2611,2/20/2024,3,4,4,5,3,3,4,3,5
2612,2/20/2024,1,4,2,1,2,3,4,5,5
2613,3/6/2024,3,3,1,1,5,4,4,5,5
2614,3/1/2024,5,5,2,3,5,4,3,1,3
2615,2/24/2024,2,4,1,1,3,1,2,4,5
2616,2/9/2024,3,2,2,2,2,4,2,4,1
2617,2/13/2024,5,2,1,5,4,4,5,5,3
2618,3/16/2024,3,2,2,1,1,1,5,2,4
2619,1/22/2024,3,4,1,2,2,1,5,3,2
2620,3/5/2024,5,1,1,4,1,4,1,5,1
2621,1/14/2024,2,1,3,5,1,1,5,1,1
2622,3/9/2024,1,4,1,4,5,4,4,2,4
2623,2/28/2024,2,4,5,3,3,5,3,2,1
2624,1/7/2024,2,5,3,4,5,4,4,1,1
2625,3/13/2024,4,4,2,1,5,4,2,4,1
2626,1/11/2024,5,1,4,4,3,5,1,1,2
2627,1/23/2024,5,2,3,2,2,5,2,1,5
2628,3/9/2024,1,2,4,4,3,2,5,4,1
2629,1/4/2024,2,5,5,1,2,2,1,3,1
2630,2/13/2024,1,5,5,3,3,4,1,5,4
2631,3/6/2024,5,1,5,5,3,2,3,4,3
2632,1/29/2024,4,5,1,2,5,1,2,1,1
2633,3/5/2024,3,1,2,1,1,4,5,1,1
2634,3/11/2024,2,4,5,3,1,3,4,1,2
2635,2/5/2024,2,2,4,5,4,4,2,4,5
2636,1/28/2024,3,1,2,5,4,3,4,5,2
2637,2/13/2024,1,2,2,3,5,2,5,3,4
2638,1/8/2024,5,5,5,4,5,3,2,1,2
2639,2/6/2024,5,5,5,3,4,1,4,4,1
2640,2/3/2024,1,2,4,3,1,3,2,5,4
2641,1/10/2024,2,1,5,5,5,5,2,3,5
2642,3/8/2024,3,1,3,5,5,1,4,2,2
2643,3/3/2024,4,4,3,3,4,3,2,4,1
2644,2/15/2024,2,5,2,2,5,3,4,4,3
2645,2/23/2024,4,5,3,5,4,4,4,1,1
2646,2/22/2024,4,4,5,3,4,2,4,3,3
2647,1/18/2024,4,5,1,4,1,1,3,5,5
2648,2/16/2024,3,3,4,4,1,2,4,2,4
2649,3/1/2024,3,3,2,4,3,1,3,5,4
2650,2/5/2024,5,1,1,3,4,3,3,3,5
2651,3/6/2024,3,5,1,2,5,5,1,5,3
2652,3/8/2024,5,1,4,1,3,4,2,3,2
2653,3/5/2024,2,4,4,4,3,3,5,1,3
2654,1/20/2024,1,1,4,2,1,5,1,3,5
2655,1/17/2024,4,4,1,5,1,2,3,3,4
2656,3/15/2024,5,1,2,5,2,5,3,4,5
2657,1/13/2024,2,4,5,2,2,1,2,4,5
2658,3/15/2024,3,3,2,1,4,5,3,2,4
2659,3/4/2024,1,3,3,2,3,4,1,3,2
2660,3/3/2024,3,5,5,4,5,2,2,4,4
2661,2/10/2024,3,2,5,1,2,4,4,1,1
2662,3/13/2024,5,2,1,1,4,2,5,3,3
2663,2/25/2024,1,4,5,1,5,1,3,2,1
2664,1/29/2024,2,4,2,1,3,2,2,4,2
2665,2/6/2024,3,5,5,4,5,5,5,4,2
2666,3/15/2024,1,5,5,1,5,2,3,3,3
2667,3/11/2024,5,3,1,2,2,2,5,5,4
2668,3/1/2024,2,2,5,1,3,5,3,4,2
2669,2/3/2024,5,1,1,5,3,1,4,1,3
2670,2/27/2024,5,4,3,2,2,2,2,2,4
2671,3/7/2024,3,3,4,3,4,1,1,2,2
2672,1/1/2024,4,3,3,3,1,3,4,4,1
2673,3/12/2024,3,3,5,3,2,2,1,1,1
2674,3/15/2024,2,1,1,3,4,4,2,2,5
2675,1/15/2024,3,4,5,1,2,4,3,4,1
2676,1/31/2024,5,2,1,5,2,5,2,4,1
2677,2/27/2024,1,4,5,2,2,4,2,1,1
2678,2/9/2024,3,1,4,2,5,5,4,4,1
2679,2/23/2024,5,5,1,4,1,2,5,3,5
2680,1/28/2024,4,4,2,2,1,5,2,2,2
2681,1/14/2024,1,5,5,1,1,5,2,5,1
2682,3/11/2024,4,4,4,2,2,3,2,1,3
2683,1/24/2024,4,3,3,3,2,2,3,2,3
2684,2/25/2024,3,1,4,1,1,5,5,4,2
2685,1/3/2024,1,1,2,3,5,1,4,4,3
2686,3/12/2024,3,1,4,4,4,5,1,3,3
2687,1/20/2024,5,2,4,2,4,5,1,3,4
2688,2/27/2024,4,4,5,3,2,3,3,3,4
2689,2/5/2024,4,5,2,5,2,4,2,1,4
2690,3/11/2024,5,2,2,2,1,5,1,3,5
2691,2/19/2024,4,5,5,1,3,2,2,3,4
2692,3/16/2024,4,4,1,1,5,3,2,4,3
2693,2/28/2024,3,1,5,5,3,2,3,5,5
2694,3/9/2024,3,4,1,1,5,5,1,2,2
2695,2/7/2024,5,3,1,4,1,1,5,5,4
2696,1/23/2024,3,4,2,3,3,3,5,5,4
2697,2/23/2024,2,4,3,1,2,2,1,1,2
2698,1/11/2024,5,2,5,3,4,5,4,4,1
2699,3/9/2024,5,3,3,2,2,4,5,4,1
2700,1/16/2024,2,1,2,4,5,3,1,4,4
2701,1/27/2024,4,4,1,3,5,1,5,3,4
2702,1/26/2024,3,5,5,5,1,3,3,2,3
2703,2/3/2024,1,2,1,1,5,4,3,2,4
2704,1/18/2024,4,5,2,4,3,1,1,4,1
2705,3/13/2024,2,5,4,4,5,1,2,1,1
2706,3/13/2024,4,2,3,3,1,4,2,1,3
2707,3/13/2024,3,3,4,3,1,2,3,2,2
2708,1/6/2024,3,4,5,2,3,5,1,5,3
2709,1/6/2024,3,2,3,1,4,2,1,3,2
2710,1/30/2024,1,3,2,5,5,3,4,2,1
2711,1/9/2024,3,4,3,2,5,4,5,5,2
2712,2/25/2024,1,2,2,1,4,3,4,1,3
2713,2/15/2024,4,2,5,4,3,2,1,3,4
2714,2/6/2024,3,4,3,4,1,2,2,4,1
2715,1/5/2024,1,3,2,4,5,5,3,4,4
2716,2/19/2024,1,1,1,3,5,2,3,2,4
2717,2/6/2024,4,1,4,2,1,1,1,4,4
2718,1/7/2024,1,4,5,1,4,3,4,4,4
2719,1/1/2024,2,1,4,3,4,3,4,2,4
2720,1/28/2024,1,1,3,1,4,2,1,2,5
2721,3/16/2024,1,4,1,4,4,3,3,5,2
2722,2/8/2024,5,5,5,1,3,1,3,1,2
2723,1/7/2024,1,1,5,3,1,5,1,3,4
2724,2/2/2024,2,3,3,4,5,5,3,1,4
2725,3/8/2024,2,5,2,4,2,5,3,2,2
2726,2/6/2024,5,4,5,2,4,5,5,3,5
2727,3/4/2024,1,5,1,5,4,2,5,2,3
2728,2/1/2024,4,5,2,4,4,3,3,3,4
2729,2/3/2024,3,2,4,2,1,5,4,1,2
2730,3/13/2024,4,2,2,3,4,1,4,2,2
2731,3/1/2024,1,2,4,4,4,4,5,4,2
2732,1/13/2024,2,2,1,3,2,4,3,4,5
2733,1/7/2024,5,1,3,5,2,1,1,5,1
2734,3/4/2024,5,2,5,2,4,2,4,5,5
2735,1/28/2024,2,5,1,1,3,1,3,2,2
2736,1/10/2024,1,5,1,1,1,2,5,3,5
2737,2/11/2024,3,5,4,1,1,2,4,3,2
2738,3/2/2024,2,1,2,5,5,3,4,3,3
2739,2/12/2024,5,2,1,1,1,4,2,2,1
2740,3/4/2024,5,5,3,5,4,4,2,1,2
2741,1/1/2024,2,4,4,3,2,2,1,4,1
2742,3/2/2024,3,4,2,1,2,2,5,3,2
2743,3/11/2024,4,3,1,3,3,3,3,5,2
2744,3/2/2024,1,2,3,1,5,3,2,4,1
2745,2/9/2024,3,3,1,1,5,4,4,2,4
2746,2/20/2024,5,3,4,1,1,5,1,2,1
2747,1/24/2024,1,4,3,4,4,1,5,2,3
2748,2/27/2024,4,4,5,4,2,2,3,4,3
2749,3/3/2024,2,2,1,2,3,1,5,4,4
2750,1/13/2024,4,2,5,2,4,1,1,3,3
2751,2/12/2024,1,1,1,5,3,2,1,2,5
2752,1/11/2024,1,3,2,2,2,5,1,4,4
2753,1/27/2024,4,2,1,4,1,5,3,1,1
2754,1/21/2024,4,1,2,3,5,3,3,3,3
2755,3/3/2024,4,1,3,1,2,2,1,4,2
2756,2/15/2024,5,5,5,5,1,5,5,4,2
2757,2/9/2024,2,2,4,3,3,1,4,4,3
2758,1/30/2024,5,5,1,4,4,1,3,2,2
2759,1/16/2024,4,5,4,5,1,4,2,1,1
2760,2/9/2024,1,1,5,3,5,5,3,5,2
2761,2/3/2024,4,3,4,5,4,5,1,1,5
2762,1/2/2024,1,3,2,1,5,2,2,2,4
2763,3/5/2024,2,4,1,5,2,3,3,1,4
2764,2/23/2024,5,3,4,5,4,3,3,4,3
2765,3/11/2024,1,4,3,3,5,5,1,5,5
2766,3/9/2024,5,5,5,2,4,4,5,5,4
2767,2/16/2024,3,4,4,5,1,5,5,5,4
2768,3/14/2024,3,3,4,1,4,1,4,4,5
2769,3/9/2024,3,1,5,2,3,2,2,2,2
2770,3/10/2024,3,1,3,1,2,1,5,3,3
2771,2/15/2024,2,4,2,5,1,3,1,1,5
2772,3/2/2024,5,5,1,4,2,5,5,5,2
2773,2/27/2024,2,1,5,1,4,3,1,2,2
2774,2/4/2024,4,5,4,5,2,1,3,3,1
2775,2/22/2024,1,4,3,4,3,3,4,2,2
2776,2/4/2024,5,3,2,2,2,1,4,2,3
2777,2/21/2024,3,5,2,3,5,1,2,2,2
2778,1/1/2024,1,1,3,1,2,2,2,3,5
2779,3/12/2024,2,5,3,5,3,2,2,2,2
2780,3/13/2024,4,5,1,3,3,3,3,4,2
2781,3/8/2024,1,4,5,2,1,3,1,5,1
2782,2/18/2024,3,4,3,5,2,3,4,1,4
2783,3/9/2024,5,2,5,4,2,1,3,4,5
2784,3/15/2024,1,3,4,5,3,3,5,2,1
2785,3/13/2024,3,4,2,4,5,1,2,4,5
2786,3/11/2024,1,1,4,1,2,1,4,2,4
2787,2/21/2024,4,5,1,4,5,4,2,2,5
2788,1/14/2024,3,1,3,3,5,5,4,5,5
2789,1/29/2024,2,3,1,1,2,5,4,4,4
2790,1/8/2024,5,5,2,5,1,1,1,3,4
2791,1/26/2024,3,2,2,1,2,3,3,2,2
2792,2/7/2024,4,3,3,2,3,5,3,4,4
2793,1/23/2024,3,1,1,3,5,4,4,4,4
2794,3/1/2024,5,3,5,5,2,2,2,3,4
2795,1/18/2024,4,5,4,1,4,4,3,1,5
2796,3/14/2024,1,3,4,4,3,4,1,2,4
2797,2/19/2024,1,5,4,1,5,2,5,5,5
2798,3/1/2024,3,1,5,5,2,1,2,3,5
2799,3/13/2024,5,2,2,4,1,2,1,2,5
2800,2/24/2024,1,2,3,4,5,5,5,4,2
2801,2/6/2024,1,3,1,3,3,5,3,3,4
2802,3/2/2024,5,1,2,5,1,3,4,4,5
2803,1/10/2024,4,1,2,2,4,1,4,5,5
2804,2/2/2024,1,3,1,5,2,5,4,1,2
2805,3/7/2024,5,5,2,1,2,2,5,3,4
2806,2/8/2024,3,2,1,5,4,3,5,5,1
2807,2/7/2024,3,5,2,1,2,4,4,4,4
2808,1/19/2024,4,5,1,1,4,1,1,4,5
2809,2/23/2024,1,3,2,4,3,4,2,3,2
2810,1/29/2024,3,4,2,4,2,4,4,3,1
2811,2/11/2024,4,3,1,2,2,2,2,5,2
2812,3/4/2024,1,3,2,3,3,1,4,4,4
2813,2/15/2024,5,4,3,2,1,3,3,4,3
2814,3/4/2024,2,1,3,1,4,2,4,1,2
2815,1/2/2024,4,5,4,1,3,1,1,4,3
2816,2/5/2024,2,1,2,1,2,5,4,4,2
2817,2/19/2024,3,3,2,1,5,1,3,4,5
2818,3/3/2024,1,1,3,1,4,2,1,1,2
2819,2/2/2024,4,3,2,5,4,4,5,3,1
2820,3/15/2024,4,4,5,5,1,2,4,2,2
2821,1/25/2024,3,3,5,3,4,5,3,3,5
2822,3/7/2024,3,2,3,4,2,3,1,1,5
2823,3/14/2024,2,1,4,3,1,2,3,2,5
2824,2/11/2024,1,2,4,5,3,1,5,3,3
2825,3/16/2024,3,3,4,2,2,2,4,1,4
2826,1/19/2024,1,1,2,5,3,3,2,4,4
2827,2/3/2024,4,4,3,4,5,4,1,5,4
2828,1/17/2024,2,3,2,2,5,3,2,1,5
2829,2/19/2024,1,3,2,4,1,5,1,2,4
2830,2/2/2024,3,5,3,4,1,1,1,5,3
2831,3/6/2024,5,5,4,5,3,1,4,4,4
2832,2/22/2024,4,3,5,5,3,1,5,3,1
2833,3/6/2024,3,3,2,2,1,5,3,1,1
2834,1/16/2024,5,3,5,1,3,5,5,1,5
2835,1/1/2024,3,2,2,3,1,1,3,1,3
2836,1/3/2024,2,3,2,3,1,4,4,4,4
2837,1/26/2024,3,2,3,3,2,4,2,5,3
2838,1/30/2024,1,4,1,2,4,5,5,1,2
2839,1/25/2024,5,4,1,5,5,5,2,5,5
2840,2/3/2024,3,5,2,2,5,2,2,3,3
2841,3/8/2024,1,5,1,1,4,5,5,5,1
2842,3/5/2024,5,5,1,2,4,2,1,1,1
2843,1/27/2024,5,1,3,3,4,2,2,3,5
2844,2/14/2024,2,3,1,1,4,2,1,3,3
2845,2/24/2024,1,2,2,1,3,3,4,5,3
2846,3/10/2024,1,4,2,3,4,5,2,5,2
2847,3/13/2024,1,3,5,2,3,1,5,3,4
2848,1/23/2024,5,5,3,5,3,4,1,2,5
2849,1/17/2024,5,2,1,2,2,3,2,1,2
2850,2/27/2024,4,1,4,5,5,5,1,1,2
2851,3/8/2024,4,1,3,3,4,4,4,2,1
2852,2/1/2024,2,4,4,5,2,2,5,3,1
2853,3/7/2024,5,4,4,4,1,4,4,1,1
2854,3/12/2024,4,4,1,2,1,4,3,3,5
2855,2/11/2024,5,3,2,3,3,2,2,5,1
2856,2/11/2024,1,1,4,4,4,3,1,5,3
2857,2/22/2024,1,3,4,1,2,1,4,1,5
2858,1/17/2024,3,3,1,4,5,4,1,5,2
2859,2/3/2024,3,2,4,3,5,1,2,4,1
2860,2/2/2024,2,2,2,3,1,1,2,3,5
2861,1/5/2024,5,5,4,2,4,3,1,4,1
2862,1/1/2024,2,1,3,5,3,2,3,4,4
2863,1/28/2024,5,3,2,2,5,3,2,1,5
2864,1/11/2024,5,3,2,4,2,1,2,2,5
2865,1/28/2024,5,2,1,2,4,5,1,5,1
2866,2/18/2024,5,5,4,1,1,2,1,2,2
2867,3/15/2024,2,2,1,4,1,5,2,3,1
2868,2/9/2024,5,4,5,4,5,1,5,1,4
2869,3/13/2024,1,2,3,1,3,3,2,1,2
2870,3/9/2024,2,3,3,3,5,1,1,1,5
2871,1/6/2024,5,1,2,2,1,2,1,4,5
2872,2/5/2024,5,1,4,1,2,3,3,1,4
2873,2/19/2024,3,1,2,5,4,5,3,3,3
2874,1/31/2024,3,3,1,3,5,1,1,5,3
2875,3/7/2024,1,5,5,2,4,4,5,1,2
2876,2/16/2024,3,2,5,5,2,4,3,3,3
2877,2/25/2024,3,5,2,5,2,1,5,4,3
2878,3/16/2024,1,2,5,5,4,5,3,2,4
2879,1/11/2024,2,2,1,4,3,5,1,3,2
2880,2/5/2024,1,1,4,4,3,5,4,5,4
2881,3/6/2024,4,1,4,5,2,2,5,3,5
2882,1/28/2024,5,1,4,4,5,2,3,5,3
2883,2/3/2024,1,1,5,2,3,2,2,2,1
2884,3/15/2024,4,5,1,4,3,2,3,2,1
2885,1/9/2024,5,2,3,4,2,1,3,2,4
2886,1/18/2024,3,4,1,2,5,3,3,1,3
2887,1/3/2024,2,1,3,2,5,2,1,4,2
2888,1/23/2024,2,5,3,4,3,4,4,4,5
2889,3/3/2024,2,1,2,2,4,2,5,4,2
2890,2/20/2024,2,4,2,4,2,2,3,5,5
2891,2/21/2024,2,2,2,2,2,1,3,3,5
2892,3/8/2024,1,2,1,4,2,5,4,3,2
2893,3/10/2024,1,3,1,4,5,4,1,4,2
2894,2/7/2024,3,1,4,5,2,1,5,2,1
2895,2/5/2024,1,5,5,3,3,3,3,1,3
2896,2/2/2024,4,3,3,2,4,5,4,5,3
2897,3/15/2024,2,1,3,5,4,4,1,5,2
2898,3/6/2024,3,5,5,4,1,5,2,3,3
2899,1/3/2024,1,5,1,1,2,5,4,3,1
2900,3/14/2024,1,5,4,2,5,1,2,2,3
2901,3/11/2024,1,3,5,1,1,1,4,3,1
2902,2/8/2024,1,4,1,4,4,4,4,3,4
2903,2/4/2024,4,1,4,4,5,4,4,3,3
2904,3/8/2024,5,3,2,4,5,4,2,2,3
2905,1/13/2024,4,2,1,5,3,4,3,2,5
2906,2/24/2024,1,1,3,2,1,2,2,5,3
2907,3/4/2024,4,5,2,3,2,1,5,2,1
2908,3/9/2024,5,2,1,4,4,2,5,3,2
2909,1/3/2024,3,4,2,4,3,3,5,4,3
2910,2/24/2024,1,2,5,2,5,1,4,2,2
2911,3/9/2024,5,1,5,2,1,4,4,3,1
2912,3/2/2024,5,2,3,1,1,2,5,2,2
2913,1/1/2024,1,3,4,2,5,4,1,2,1
2914,2/23/2024,3,3,3,1,5,1,2,4,5
2915,3/3/2024,3,1,2,5,5,4,1,4,4
2916,3/10/2024,1,1,5,2,1,5,1,5,1
2917,3/13/2024,1,2,4,3,3,5,4,1,2
2918,1/10/2024,1,5,5,4,5,2,4,1,5
2919,1/21/2024,2,2,2,5,4,2,5,4,4
2920,3/2/2024,4,2,5,5,5,5,1,2,2
2921,3/1/2024,1,5,5,1,5,5,4,1,1
2922,3/16/2024,2,1,5,1,3,2,1,2,1
2923,2/9/2024,5,5,2,3,1,2,2,5,3
2924,3/14/2024,1,5,5,4,4,2,4,1,1
2925,1/14/2024,3,2,1,5,5,2,2,2,5
2926,1/2/2024,1,1,3,5,3,3,2,4,5
2927,2/26/2024,1,1,5,3,4,4,5,3,2
2928,2/16/2024,3,2,2,5,4,3,2,5,2
2929,3/5/2024,4,5,2,3,5,1,2,1,2
2930,3/8/2024,1,2,3,4,3,4,5,2,5
2931,2/25/2024,4,2,2,1,4,3,2,3,4
2932,3/12/2024,3,1,4,4,2,5,5,1,1
2933,2/26/2024,2,4,1,2,2,2,1,3,1
2934,1/19/2024,4,2,3,3,4,1,4,4,4
2935,3/5/2024,5,5,4,5,5,1,3,2,3
2936,3/10/2024,4,4,5,1,3,3,1,3,1
2937,2/19/2024,3,4,1,2,2,5,2,1,2
2938,3/12/2024,4,1,5,2,2,4,5,5,5
2939,2/17/2024,1,4,4,3,1,5,5,4,2
2940,2/17/2024,4,5,2,5,4,4,2,4,5
2941,1/29/2024,5,5,2,2,4,5,2,2,4
2942,1/14/2024,5,3,5,4,1,1,1,4,3
2943,3/1/2024,4,2,1,2,2,3,4,2,5
2944,1/3/2024,5,3,2,3,2,5,1,3,3
2945,1/18/2024,2,2,1,5,1,5,5,3,1
2946,1/19/2024,4,5,3,2,4,5,4,5,4
2947,2/27/2024,1,3,1,5,1,4,5,2,1
2948,3/4/2024,4,1,1,1,1,5,4,3,3
2949,1/14/2024,1,2,5,1,4,4,5,4,4
2950,3/5/2024,1,4,3,1,5,5,4,1,5
2951,1/28/2024,3,3,2,4,2,3,5,3,1
2952,1/3/2024,3,3,5,3,2,4,4,1,3
2953,2/11/2024,5,3,2,2,3,3,2,5,2
2954,1/4/2024,4,2,3,1,5,4,3,2,1
2955,2/28/2024,2,1,1,2,5,1,2,5,4
2956,1/10/2024,1,4,3,5,3,4,1,3,4
2957,2/5/2024,2,3,5,1,2,5,3,3,5
2958,3/13/2024,1,5,5,4,5,5,5,2,5
2959,2/24/2024,5,2,5,4,4,3,2,1,5
2960,3/7/2024,3,4,1,3,1,3,4,5,4
2961,3/16/2024,2,3,3,3,1,3,5,4,5
2962,1/26/2024,2,3,1,5,2,5,4,4,1
2963,3/8/2024,5,2,4,3,1,2,3,3,2
2964,3/2/2024,3,1,4,4,2,2,3,5,2
2965,1/2/2024,5,2,1,4,1,1,4,4,1
2966,1/25/2024,3,3,3,5,1,5,3,5,4
2967,2/14/2024,3,5,2,3,1,4,3,4,5
2968,2/3/2024,3,5,4,3,3,5,3,3,5
2969,2/11/2024,2,4,1,4,1,2,1,1,3
2970,3/7/2024,1,2,5,3,2,4,1,4,4
2971,1/21/2024,3,4,2,2,5,4,2,1,4
2972,3/13/2024,1,1,5,1,5,2,4,2,3
2973,2/26/2024,1,3,5,4,3,3,1,1,5
2974,2/4/2024,4,2,5,3,3,1,5,2,4
2975,1/18/2024,5,1,1,1,4,1,3,3,4
2976,3/12/2024,1,2,4,1,3,2,4,4,5
2977,1/30/2024,5,5,3,2,2,2,4,4,3
2978,1/2/2024,2,5,5,4,2,3,5,3,3
2979,1/21/2024,2,4,1,2,4,3,2,5,4
2980,2/24/2024,4,5,4,5,5,1,3,5,3
2981,2/20/2024,4,2,2,2,1,1,1,4,1
2982,1/26/2024,5,5,3,3,1,5,2,2,4
2983,2/13/2024,1,2,4,5,5,4,1,5,1
2984,1/9/2024,5,1,3,3,4,5,1,1,1
2985,2/6/2024,3,4,1,1,2,5,1,2,2
2986,3/1/2024,5,5,1,3,1,3,4,3,4
2987,3/16/2024,1,5,3,1,5,2,5,5,2
2988,3/16/2024,5,2,2,5,5,2,5,5,5
2989,2/7/2024,2,3,4,5,4,2,2,3,3
2990,1/25/2024,4,4,3,5,4,4,2,4,2
2991,3/11/2024,2,1,3,1,2,3,4,2,3
2992,3/5/2024,5,2,3,2,2,4,2,2,3
2993,2/2/2024,2,2,4,3,2,1,1,2,1
2994,2/9/2024,2,1,3,2,1,3,3,2,2
2995,2/2/2024,3,5,3,1,2,4,1,5,1
2996,1/2/2024,1,5,5,5,2,3,2,5,4
2997,2/16/2024,4,4,3,1,4,5,2,2,3
2998,1/8/2024,1,2,5,5,4,5,2,2,1
2999,2/10/2024,2,5,3,4,2,2,4,4,3
3000,2/17/2024,4,3,4,4,4,4,4,5,5
3001,1/17/2024,1,1,1,4,5,2,2,1,1
3002,1/25/2024,4,2,2,4,2,2,5,1,5
3003,2/19/2024,2,4,2,3,4,5,4,3,2
3004,1/5/2024,2,5,2,1,2,2,1,2,2
3005,1/15/2024,5,1,2,5,1,4,2,2,4
3006,1/9/2024,3,4,3,5,4,2,3,1,2
3007,1/26/2024,5,2,3,5,3,4,5,5,1
3008,2/19/2024,5,5,5,4,3,3,2,1,3
3009,3/3/2024,4,3,1,4,2,5,5,5,5
3010,1/1/2024,2,1,5,3,4,1,2,3,4
3011,2/13/2024,2,3,3,4,4,4,4,1,5
3012,3/10/2024,3,1,4,5,4,4,3,3,3
3013,1/3/2024,1,3,1,2,4,2,1,3,3
3014,3/5/2024,5,1,4,4,1,4,2,1,5
3015,1/2/2024,4,1,2,4,1,4,4,2,4
3016,1/7/2024,2,1,4,1,5,3,4,4,1
3017,2/12/2024,1,1,1,1,5,4,3,2,5
3018,2/17/2024,4,2,1,1,1,1,1,4,1
3019,3/9/2024,2,1,5,4,5,5,1,5,5
3020,3/14/2024,1,1,3,2,2,3,2,1,3
3021,2/5/2024,1,2,1,4,5,2,1,4,3
3022,3/7/2024,3,3,1,4,4,4,2,1,5
3023,1/3/2024,5,4,2,1,2,5,3,1,4
3024,1/21/2024,4,3,3,1,2,2,3,5,2
3025,2/11/2024,4,2,4,5,4,1,2,1,2
3026,2/21/2024,4,4,1,2,3,4,1,2,2
3027,3/15/2024,3,1,5,3,2,2,3,5,4
3028,2/19/2024,1,5,1,5,1,3,1,5,5
3029,1/28/2024,3,4,4,5,5,3,3,1,1
3030,3/5/2024,1,5,1,5,5,4,1,3,3
3031,1/20/2024,5,5,3,3,3,4,3,3,1
3032,3/11/2024,3,5,3,1,5,5,3,1,4
3033,1/3/2024,4,4,5,3,2,2,2,5,4
3034,2/20/2024,1,2,1,1,2,3,4,2,4
3035,2/24/2024,5,3,3,5,2,1,5,5,3
3036,1/26/2024,4,5,1,2,1,1,3,5,4
3037,3/2/2024,4,4,4,5,4,1,2,4,4
3038,3/4/2024,1,4,3,4,2,4,4,4,1
3039,3/10/2024,4,2,5,4,2,5,5,1,2
3040,3/7/2024,1,4,4,3,1,2,3,3,3
3041,1/4/2024,1,2,3,1,3,1,4,3,1
3042,2/10/2024,4,2,4,1,4,4,5,3,4
3043,2/18/2024,3,5,3,4,4,5,5,4,4
3044,1/19/2024,5,4,5,1,4,1,2,1,1
3045,2/28/2024,1,1,5,4,4,3,4,3,2
3046,3/16/2024,4,5,5,3,3,5,1,3,5
3047,2/13/2024,2,2,5,3,5,4,4,4,4
3048,3/9/2024,5,1,2,2,2,2,5,3,4
3049,3/1/2024,4,3,3,5,3,5,4,4,1
3050,2/17/2024,2,3,2,3,5,2,5,1,4
3051,3/15/2024,4,4,1,4,3,4,2,2,5
3052,1/4/2024,3,2,5,5,5,4,1,2,2
3053,3/7/2024,2,2,2,1,2,4,1,4,3
3054,1/1/2024,5,4,2,3,2,4,2,5,4
3055,3/14/2024,5,1,1,5,2,4,4,2,2
3056,1/7/2024,2,3,2,2,4,5,1,1,2
3057,2/28/2024,3,1,4,2,3,4,5,1,2
3058,1/30/2024,1,5,1,2,5,2,5,2,2
3059,1/6/2024,3,4,4,2,5,3,3,3,2
3060,1/1/2024,5,2,4,1,2,1,5,5,5
3061,1/16/2024,3,1,5,4,1,4,2,2,3
3062,3/4/2024,4,2,1,1,5,4,3,5,5
3063,3/1/2024,3,4,3,2,1,1,3,1,3
3064,1/28/2024,5,2,3,4,5,1,2,5,1
3065,1/1/2024,3,2,1,4,3,2,2,5,4
3066,3/1/2024,3,3,2,5,5,3,4,4,3
3067,1/12/2024,3,2,1,1,3,2,3,5,5
3068,1/29/2024,2,1,4,2,5,5,3,5,4
3069,2/8/2024,1,3,4,3,3,5,3,3,2
3070,2/9/2024,3,2,3,3,3,2,1,2,1
3071,3/9/2024,2,3,1,5,1,1,1,5,4
3072,3/11/2024,3,1,1,4,5,3,3,2,2
3073,3/14/2024,4,3,3,2,3,5,4,1,1
3074,2/26/2024,4,4,3,5,3,3,1,4,1
3075,3/6/2024,1,4,5,2,4,2,2,3,5
3076,3/14/2024,4,4,3,5,5,3,2,1,3
3077,2/26/2024,2,3,5,5,1,3,5,2,1
3078,3/5/2024,4,4,3,5,3,2,5,3,2
3079,1/10/2024,3,4,4,1,5,4,2,5,1
3080,3/14/2024,4,2,4,1,4,2,3,1,2
3081,2/1/2024,3,4,5,4,1,4,2,4,2
3082,3/15/2024,2,5,3,2,4,2,2,1,2
3083,2/6/2024,1,4,2,1,3,5,5,1,3
3084,3/14/2024,4,2,4,1,4,1,1,5,4
3085,2/10/2024,3,4,4,2,3,5,3,5,1
3086,3/15/2024,3,5,5,4,4,4,2,2,3
3087,1/20/2024,1,1,1,4,4,4,1,2,3
3088,1/17/2024,1,5,4,4,1,2,1,4,3
3089,3/13/2024,4,3,1,1,3,1,1,1,2
3090,3/13/2024,4,2,4,5,3,5,1,1,5
3091,1/4/2024,4,1,2,4,5,4,3,1,2
3092,1/8/2024,3,5,5,2,1,3,3,3,1
3093,2/24/2024,3,3,3,4,2,2,3,4,1
3094,3/8/2024,3,4,3,1,3,3,3,3,2
3095,3/6/2024,5,4,1,1,3,2,2,2,4
3096,2/26/2024,1,1,3,3,2,2,2,4,3
3097,2/9/2024,4,2,1,5,3,3,4,5,1
3098,1/17/2024,2,5,3,3,2,2,2,2,5
3099,2/15/2024,4,1,3,5,2,3,4,3,3
3100,2/15/2024,3,1,3,5,2,2,4,4,4
3101,3/7/2024,5,4,4,5,2,2,2,2,2
3102,2/25/2024,4,5,1,2,1,3,5,1,2
3103,3/7/2024,3,2,3,4,2,5,1,1,3
3104,2/26/2024,5,2,1,2,4,1,5,2,5
3105,3/5/2024,3,3,2,2,5,4,5,4,2
3106,2/15/2024,4,2,3,2,5,4,5,3,2
3107,1/26/2024,5,2,2,5,4,3,4,5,4
3108,1/17/2024,3,4,2,5,5,2,1,2,5
3109,1/10/2024,2,4,3,4,1,2,2,2,3
3110,2/15/2024,2,3,2,4,4,2,1,5,2
3111,3/7/2024,3,2,3,1,2,3,3,2,3
3112,3/12/2024,1,5,2,5,1,5,3,1,5
3113,2/10/2024,3,3,1,1,2,3,3,1,3
3114,3/6/2024,1,5,3,2,1,2,2,5,2
3115,2/21/2024,2,1,4,2,1,2,5,4,1
3116,3/2/2024,4,4,4,3,1,1,3,3,4
3117,1/18/2024,1,4,4,1,1,4,1,5,4
3118,2/14/2024,2,4,3,3,3,5,5,4,4
3119,2/6/2024,1,4,2,4,5,5,1,1,4
3120,1/5/2024,5,4,4,4,3,2,3,2,1
3121,1/26/2024,5,1,1,4,2,3,3,1,3
3122,3/3/2024,1,3,1,5,1,1,5,4,3
3123,3/16/2024,2,5,3,5,1,3,2,4,1
3124,3/7/2024,3,3,2,1,3,5,2,2,3
3125,2/13/2024,1,3,5,4,4,4,5,2,3
3126,3/5/2024,5,1,1,1,5,4,1,5,5
3127,3/3/2024,4,3,1,3,1,3,4,5,2
3128,1/9/2024,4,4,3,3,5,2,2,1,1
3129,2/26/2024,1,4,1,2,5,2,1,4,1
3130,2/3/2024,3,3,3,1,4,1,2,1,3
3131,3/9/2024,4,4,2,1,3,5,3,5,4
3132,1/23/2024,2,1,1,2,1,3,3,2,4
3133,3/1/2024,3,4,4,1,2,2,4,3,1
3134,3/5/2024,4,2,2,1,1,5,1,4,3
3135,3/14/2024,5,1,3,2,3,3,1,2,3
3136,3/14/2024,3,4,4,3,2,4,1,5,4
3137,3/6/2024,2,1,2,2,2,4,1,3,4
3138,1/1/2024,1,2,5,3,5,1,4,1,4
3139,2/9/2024,5,1,2,2,1,5,3,1,2
3140,1/22/2024,1,3,2,4,3,5,5,1,2
3141,2/20/2024,4,1,5,5,4,3,1,1,1
3142,3/1/2024,1,2,2,4,3,3,3,1,4
3143,3/8/2024,5,4,1,3,3,2,2,5,5
3144,2/21/2024,2,4,3,3,5,3,4,5,4
3145,3/16/2024,1,2,1,4,2,2,4,5,4
3146,2/22/2024,2,3,3,2,3,1,3,1,5
3147,2/20/2024,2,5,1,2,5,1,3,2,1
3148,3/16/2024,5,2,1,5,1,1,2,3,1
3149,1/15/2024,1,3,3,4,5,1,5,1,1
3150,1/2/2024,2,5,1,2,2,3,1,4,5
3151,3/5/2024,5,2,1,5,5,2,5,1,1
3152,1/23/2024,2,2,2,2,3,5,2,2,4
3153,1/1/2024,4,4,3,3,2,2,3,1,4
3154,1/25/2024,5,1,4,1,1,1,2,5,4
3155,2/26/2024,1,1,4,4,2,2,2,5,5
3156,3/10/2024,4,5,3,4,5,4,5,4,3
3157,3/12/2024,5,2,2,4,1,5,3,5,4
3158,1/4/2024,4,4,3,3,4,1,1,3,2
3159,2/9/2024,4,1,5,2,1,2,5,2,3
3160,2/17/2024,3,2,2,2,3,5,3,5,1
3161,2/22/2024,4,2,3,3,5,4,2,2,4
3162,1/19/2024,5,5,5,3,3,1,3,4,3
3163,1/17/2024,4,1,5,1,4,1,2,2,5
3164,3/10/2024,1,5,5,3,1,4,1,4,1
3165,1/19/2024,3,3,2,4,4,4,3,4,3
3166,3/14/2024,2,5,4,4,2,2,1,2,5
3167,2/19/2024,3,4,1,5,5,4,2,2,3
3168,3/16/2024,5,5,5,1,1,2,4,5,5
3169,3/2/2024,3,1,3,5,2,1,1,1,2
3170,1/9/2024,4,3,1,1,3,5,4,1,5
3171,1/1/2024,2,3,2,3,1,1,2,1,1
3172,2/13/2024,1,2,3,5,2,3,4,2,2
3173,3/8/2024,1,4,3,4,1,4,4,5,3
3174,3/4/2024,2,2,5,4,3,4,4,4,4
3175,1/4/2024,3,4,4,4,5,4,1,2,1
3176,2/15/2024,3,4,1,2,5,3,3,3,1
3177,2/24/2024,5,1,4,4,1,3,1,5,1
3178,2/2/2024,1,5,5,3,2,1,4,4,5
3179,1/10/2024,4,1,5,3,5,1,3,5,5
3180,1/19/2024,1,1,2,3,1,3,2,5,2
3181,3/9/2024,4,2,3,5,1,3,2,4,4
3182,1/30/2024,4,4,1,4,2,2,1,1,1
3183,3/9/2024,2,1,1,5,2,5,1,3,2
3184,2/23/2024,2,2,2,3,4,1,1,2,1
3185,2/9/2024,2,1,5,1,2,4,5,2,3
3186,3/10/2024,2,4,3,4,5,2,1,3,4
3187,2/6/2024,1,5,4,1,3,3,2,4,1
3188,3/15/2024,4,1,5,2,2,3,3,3,2
3189,2/5/2024,3,5,1,4,5,3,1,5,4
3190,2/7/2024,4,2,4,3,3,2,1,3,4
3191,1/15/2024,1,3,2,1,5,1,5,2,4
3192,3/8/2024,1,3,1,3,3,1,3,3,4
3193,3/15/2024,1,3,4,5,3,1,2,5,5
3194,3/14/2024,3,2,5,3,2,1,3,1,2
3195,3/13/2024,2,3,3,1,5,3,5,1,4
3196,3/5/2024,5,1,2,5,4,3,3,2,1
3197,3/9/2024,3,3,4,1,3,5,4,1,1
3198,1/29/2024,5,3,5,4,2,5,5,3,2
3199,2/16/2024,2,3,4,5,4,4,5,4,1
3200,1/28/2024,5,4,4,4,2,4,5,5,4
3201,2/14/2024,1,1,5,3,4,1,4,4,2
3202,3/2/2024,5,4,2,1,4,2,1,3,2
3203,2/5/2024,5,2,1,5,3,2,5,3,3
3204,2/25/2024,3,3,1,5,2,4,2,1,5
3205,2/5/2024,5,5,5,5,2,4,2,3,1
3206,3/6/2024,5,3,1,3,1,2,4,5,1
3207,1/6/2024,2,2,1,4,4,5,4,2,5
3208,1/21/2024,5,2,5,5,5,5,1,1,2
3209,2/27/2024,2,2,4,4,1,1,2,2,4
3210,2/28/2024,2,5,1,1,1,2,3,2,3
3211,3/13/2024,4,3,1,5,4,2,2,1,3
3212,2/2/2024,1,4,1,2,3,4,3,5,2
3213,2/7/2024,3,2,5,4,4,5,3,4,2
3214,3/9/2024,2,2,3,3,2,5,2,5,3
3215,1/23/2024,2,4,5,4,3,4,2,3,2
3216,1/1/2024,2,4,5,3,5,2,3,1,4
3217,3/12/2024,5,4,2,1,4,4,4,1,3
3218,2/13/2024,1,5,5,1,5,3,4,2,2
3219,2/1/2024,4,5,4,4,3,3,4,2,5
3220,3/8/2024,2,4,1,1,1,2,5,1,1
3221,3/4/2024,3,5,3,3,5,2,3,4,3
3222,2/28/2024,1,3,1,4,3,3,4,2,1
3223,2/10/2024,4,5,4,5,5,4,5,4,1
3224,2/15/2024,2,2,4,2,4,3,5,4,1
3225,3/4/2024,5,1,5,1,1,4,5,1,5
3226,2/19/2024,3,4,2,5,4,2,5,2,4
3227,1/17/2024,4,3,5,3,1,3,4,3,5
3228,3/13/2024,2,4,5,1,1,1,3,4,5
3229,3/6/2024,2,5,3,5,4,5,5,3,2
3230,1/27/2024,5,2,4,1,1,4,1,2,4
3231,2/7/2024,5,4,4,1,3,2,4,2,3
3232,1/9/2024,1,5,5,5,2,5,3,2,1
3233,1/14/2024,2,5,1,4,4,5,1,2,4
3234,1/13/2024,5,1,3,1,3,3,5,5,3
3235,3/16/2024,4,3,1,2,1,2,4,3,4
3236,1/3/2024,4,2,3,4,5,4,4,4,2
3237,3/4/2024,1,5,1,3,2,1,4,5,5
3238,2/22/2024,5,1,2,1,4,5,5,1,5
3239,2/9/2024,1,3,5,5,3,5,2,3,2
3240,2/21/2024,4,5,2,5,3,3,3,3,3
3241,3/5/2024,3,1,5,2,5,3,2,1,4
3242,1/13/2024,1,1,5,4,2,5,5,1,2
3243,1/12/2024,5,1,5,1,2,3,5,5,4
3244,3/8/2024,4,1,4,3,1,4,5,3,3
3245,1/2/2024,3,4,3,5,1,4,2,1,2
3246,1/5/2024,5,3,4,4,4,4,4,5,4
3247,3/9/2024,3,3,5,4,4,3,3,1,4
3248,1/30/2024,2,1,5,1,4,4,5,2,4
3249,1/7/2024,3,3,4,4,2,3,4,1,5
3250,1/4/2024,3,2,5,3,5,5,1,2,4
3251,2/17/2024,1,3,5,1,1,1,1,5,5
3252,3/6/2024,1,4,2,4,4,3,1,3,1
3253,2/11/2024,2,1,2,3,3,5,3,5,3
3254,2/20/2024,4,5,3,1,3,4,5,1,2
3255,2/19/2024,5,5,4,4,2,5,5,2,2
3256,2/8/2024,4,3,1,5,1,1,5,4,4
3257,1/25/2024,3,5,4,3,2,3,4,2,4
3258,3/16/2024,3,3,5,4,4,5,4,4,1
3259,1/30/2024,2,1,2,5,5,4,2,3,3
3260,3/5/2024,1,3,1,4,4,1,2,3,4
3261,2/16/2024,1,4,4,3,4,2,1,2,5
3262,2/28/2024,4,3,5,4,4,1,3,1,1
3263,3/7/2024,2,5,1,1,3,3,1,5,3
3264,3/11/2024,2,4,3,5,4,3,5,4,4
3265,3/16/2024,5,2,2,4,1,4,3,5,3
3266,1/30/2024,2,3,5,1,5,1,5,3,4
3267,3/11/2024,1,5,2,2,4,3,3,5,2
3268,3/3/2024,4,2,2,4,1,5,5,1,4
3269,1/4/2024,5,5,3,3,2,5,3,1,1
3270,2/26/2024,1,2,3,2,5,2,3,3,1
3271,3/4/2024,4,1,4,3,2,4,1,4,5
3272,1/11/2024,1,5,5,1,3,2,4,2,5
3273,2/22/2024,2,4,2,4,1,5,4,1,1
3274,2/7/2024,1,5,4,2,2,4,2,4,4
3275,3/4/2024,2,5,1,5,3,5,3,3,3
3276,2/24/2024,2,2,4,1,3,1,4,5,1
3277,2/13/2024,5,5,1,4,5,5,3,4,3
3278,1/5/2024,5,3,4,1,4,3,3,4,1
3279,2/21/2024,1,1,1,5,2,3,3,1,4
3280,1/6/2024,4,5,2,5,1,1,4,2,2
3281,3/13/2024,2,2,4,3,4,4,4,5,1
3282,2/14/2024,1,2,5,2,5,4,5,2,4
3283,1/5/2024,1,2,3,1,1,3,1,5,3
3284,3/11/2024,5,1,5,5,5,3,1,4,3
3285,2/3/2024,4,5,3,2,4,2,5,5,3
3286,1/25/2024,3,5,3,3,3,2,1,3,2
3287,1/5/2024,1,5,1,2,4,5,1,4,3
3288,3/6/2024,2,1,3,2,2,4,1,3,4
3289,2/14/2024,5,4,5,4,4,1,5,2,4
3290,1/16/2024,5,3,2,2,2,4,3,3,4
3291,1/10/2024,2,4,5,3,2,3,2,3,2
3292,1/27/2024,5,2,3,2,2,2,5,2,5
3293,1/17/2024,5,2,5,2,2,5,2,4,2
3294,3/11/2024,1,1,1,2,1,4,4,3,4
3295,2/23/2024,2,3,2,1,5,2,5,1,4
3296,2/19/2024,1,3,3,1,4,3,2,5,3
3297,1/31/2024,2,5,5,1,4,5,3,1,1
3298,2/17/2024,4,3,1,5,3,4,3,1,3
3299,2/12/2024,2,5,4,5,1,2,4,2,3
3300,2/6/2024,5,3,5,3,2,3,5,3,4
3301,1/10/2024,1,1,4,1,3,3,5,2,4
3302,1/1/2024,2,5,3,5,1,4,3,3,3
3303,1/23/2024,1,1,5,3,4,1,5,3,4
3304,1/2/2024,2,2,5,4,3,1,2,1,3
3305,2/12/2024,5,2,3,4,2,3,4,3,5
3306,3/4/2024,4,2,5,4,4,1,3,1,2
3307,2/17/2024,2,5,5,5,2,2,4,2,2
3308,3/6/2024,1,4,2,2,3,2,2,5,2
3309,3/14/2024,2,5,2,1,3,1,5,4,2
3310,3/14/2024,4,3,1,2,5,5,1,4,2
3311,3/1/2024,3,1,5,3,3,3,4,5,5
3312,2/10/2024,3,2,2,4,3,2,3,4,4
3313,1/9/2024,2,3,1,5,2,1,4,4,5
3314,3/7/2024,2,5,1,5,5,4,5,5,3
3315,1/29/2024,3,3,1,3,3,1,3,2,4
3316,3/8/2024,3,2,5,1,2,4,5,5,3
3317,2/25/2024,2,3,2,5,3,4,4,1,5
3318,3/9/2024,4,3,2,4,3,5,3,3,1
3319,3/9/2024,4,2,2,2,2,3,3,4,1
3320,1/12/2024,3,2,3,3,5,2,1,4,1
3321,2/8/2024,1,1,4,5,5,2,1,5,4
3322,3/3/2024,1,5,2,2,2,2,5,2,2
3323,1/25/2024,2,5,4,3,1,2,2,4,4
3324,1/18/2024,4,1,2,3,3,4,5,4,1
3325,2/22/2024,1,1,2,5,4,2,5,3,2
3326,2/7/2024,1,1,1,1,1,1,3,3,5
3327,2/4/2024,4,2,4,1,2,3,2,4,1
3328,1/26/2024,3,3,5,2,3,4,3,2,3
3329,2/15/2024,3,2,5,3,4,3,1,3,2
3330,1/8/2024,2,4,5,4,4,2,4,1,3
3331,1/15/2024,1,5,3,4,2,1,5,5,4
3332,1/9/2024,2,4,4,3,3,5,4,4,4
3333,2/8/2024,1,4,4,5,5,5,3,5,5
3334,1/15/2024,5,1,3,4,4,1,1,3,2
3335,1/14/2024,5,5,2,3,1,1,1,4,4
3336,3/9/2024,4,5,5,5,3,3,5,2,5
3337,3/3/2024,3,2,3,2,2,3,4,5,3
3338,1/10/2024,2,3,2,5,5,1,2,1,2
3339,2/21/2024,3,2,3,5,2,5,3,1,4
3340,2/2/2024,2,4,3,1,5,3,2,5,1
3341,3/13/2024,3,5,3,5,5,5,3,4,3
3342,2/18/2024,4,4,4,3,5,2,4,5,3
3343,2/3/2024,4,4,4,5,5,3,5,3,2
3344,3/16/2024,2,3,3,3,5,5,4,1,1
3345,3/13/2024,3,1,1,3,4,2,1,1,2
3346,1/22/2024,4,2,4,3,5,1,5,2,3
3347,2/4/2024,1,5,2,5,1,4,4,3,1
3348,2/24/2024,3,3,1,5,5,3,3,1,3
3349,1/5/2024,4,1,2,2,5,2,4,5,3
3350,2/9/2024,5,4,1,4,3,1,2,5,5
3351,1/16/2024,5,4,5,2,2,4,2,5,1
3352,3/15/2024,1,5,2,5,3,3,1,3,1
3353,2/6/2024,2,5,3,5,3,4,3,1,4
3354,1/26/2024,4,4,4,5,1,2,4,2,1
3355,1/19/2024,2,4,4,5,1,4,5,2,2
3356,2/16/2024,4,3,1,5,2,1,4,2,3
3357,1/24/2024,2,5,2,4,5,2,2,5,2
3358,2/1/2024,4,4,4,3,1,4,3,4,2
3359,1/4/2024,2,2,1,3,1,2,3,2,3
3360,3/13/2024,4,1,5,4,1,5,4,3,3
3361,1/16/2024,3,2,2,1,5,5,1,3,3
3362,2/19/2024,5,3,4,4,2,5,2,5,1
3363,1/3/2024,3,3,5,3,1,2,4,4,1
3364,2/15/2024,2,4,3,3,1,3,2,1,5
3365,2/13/2024,5,1,1,1,4,4,1,3,3
3366,3/11/2024,4,1,4,4,2,5,5,5,2
3367,2/3/2024,1,4,4,3,3,5,4,1,2
3368,3/5/2024,3,4,2,3,1,4,4,4,1
3369,3/16/2024,5,3,2,3,2,1,1,3,4
